<Transplants>
  <portfolioElements/>
  <portfolios>
    <Portfolio>
      <acceptedProgramShortTerm>false</acceptedProgramShortTerm>
      <acceptProgramWithOutstandingPromise>true</acceptProgramWithOutstandingPromise>
      <agentTimeZoneId>US/Eastern</agentTimeZoneId>
      <allowCallOnSaturday>true</allowCallOnSaturday>
      <allowCallOnSunday>true</allowCallOnSunday>
      <allowDynamicProgram>false</allowDynamicProgram>
      <allowMultiplePromises>false</allowMultiplePromises>
      <allowSplitPayment>false</allowSplitPayment>
      <allowSurvey>false</allowSurvey>
      <allowVisaDebit>false</allowVisaDebit>
      <allowVisaElectron>false</allowVisaElectron>
      <awAgentInactiveTime>15</awAgentInactiveTime>
      <awAllowReacceptOffer>false</awAllowReacceptOffer>
      <awCancelOfferDeletePayment>false</awCancelOfferDeletePayment>
      <awDisplayAddressLine3>true</awDisplayAddressLine3>
      <awDisplayOffersDocuments>false</awDisplayOffersDocuments>
      <awDisplayOffersScore>false</awDisplayOffersScore>
      <awDisplayProvince>true</awDisplayProvince>
      <awInactiveAccountReadOnly>true</awInactiveAccountReadOnly>
      <awMaxDaysCreateFutureSendDateUnsecuredPromise>365</awMaxDaysCreateFutureSendDateUnsecuredPromise>
      <awMaxDaysCreatePastSendDateUnsecuredPromise>8</awMaxDaysCreatePastSendDateUnsecuredPromise>
      <awMaxDaysSendArrivalDateUnsecuredPromise>365</awMaxDaysSendArrivalDateUnsecuredPromise>
      <awMessageCount>1</awMessageCount>
      <awPhoneNumberFormat>#################</awPhoneNumberFormat>
      <awReadOnly>false</awReadOnly>
      <cancelProgram>true</cancelProgram>
      <doNotContactApptDays>1</doNotContactApptDays>
      <doNotContactDefaultDays>3</doNotContactDefaultDays>
      <doNotContactPaymentDays>1</doNotContactPaymentDays>
      <doNotContactPTPDays>5</doNotContactPTPDays>
      <doNotContactRpcDays>5</doNotContactRpcDays>
      <doNotContactWUPTPDays>2</doNotContactWUPTPDays>
      <enableCheckDuplicatePhone>true</enableCheckDuplicatePhone>
      <enablePaymentReminder>false</enablePaymentReminder>
      <enableProgramTrackingConfig>false</enableProgramTrackingConfig>
      <expressConsent>false</expressConsent>
      <externalReferenceId>8549</externalReferenceId>
      <flexSiteAutoLoadPrioritySurvey>true</flexSiteAutoLoadPrioritySurvey>
      <flexSiteSurveyAsPaymentConfirmation>false</flexSiteSurveyAsPaymentConfirmation>
      <flexSiteSurveyAsProgramConfirmation>false</flexSiteSurveyAsProgramConfirmation>
      <forcePromiseWithAcceptProgram>false</forcePromiseWithAcceptProgram>
      <minDaysCreateArrivalDatePromise>0</minDaysCreateArrivalDatePromise>
      <mraIndicator>false</mraIndicator>
      <offerRestrictionDays>0</offerRestrictionDays>
      <ptpEvalToleranceDays>1</ptpEvalToleranceDays>
      <recentActivitiesNumber>20</recentActivitiesNumber>
      <saveReminderEmail>false</saveReminderEmail>
      <sendMQRequest>true</sendMQRequest>
      <showApptComment>true</showApptComment>
      <speedBump>false</speedBump>
      <updateMraContactInformation>false</updateMraContactInformation>
      <allowAmericanExpress>true</allowAmericanExpress>
      <allowCredit>true</allowCredit>
      <allowDebit>true</allowDebit>
      <allowDinesClub>true</allowDinesClub>
      <allowDiscover>true</allowDiscover>
      <allowHotSpot>false</allowHotSpot>
      <allowJCB>true</allowJCB>
      <allowMasterCard>true</allowMasterCard>
      <allowSPOC>false</allowSPOC>
      <allowVisa>true</allowVisa>
      <apptEndDaysFromNow>2</apptEndDaysFromNow>
      <apptEndHoursFromNow>4</apptEndHoursFromNow>
      <apptEndTime>20:00</apptEndTime>
      <apptLanguages>English</apptLanguages>
      <apptStartDaysFromNow>0</apptStartDaysFromNow>
      <apptStartHoursFromNow>1</apptStartHoursFromNow>
      <apptStartTime>08:00</apptStartTime>
      <client>
        <comments>TD Bank</comments>
        <createDate class="sql-timestamp">2012-07-03 00:00:00.0</createDate>
        <name>TD Bank</name>
      </client>
      <currencySymbol>$</currencySymbol>
      <defaultCountry>CA</defaultCountry>
      <defaultPaymentReminderDays>15</defaultPaymentReminderDays>
      <description>TD Bank Canada Credit Card</description>
      <duration>240</duration>
      <fortnightlyProgramTrackingPeriod>0</fortnightlyProgramTrackingPeriod>
      <hours>8:00 - 21:00</hours>
      <industry>
        <createDate class="sql-timestamp">2007-05-16 00:00:00.0</createDate>
        <industryName>Credit Card</industryName>
        <lastUpdateDate class="sql-timestamp">2007-05-16 00:00:00.0</lastUpdateDate>
      </industry>
      <ivrAgentPhoneNum>6139075306</ivrAgentPhoneNum>
      <ivrPhoneNum>6139075306</ivrPhoneNum>
      <letterSignerName>Ben Prevost</letterSignerName>
      <loginCaptchaThreshold>3</loginCaptchaThreshold>
      <logoName>TD</logoName>
      <minPayment>1.00</minPayment>
      <monthlyProgramTrackingPeriod>0</monthlyProgramTrackingPeriod>
      <name>TD Bank Canada Credit Card</name>
      <notifyBccEmails></notifyBccEmails>
      <notifyCcEmails></notifyCcEmails>
      <notifySubject></notifySubject>
      <notifyTemplate></notifyTemplate>
      <notifyToEmails></notifyToEmails>
      <originalCreditor>TD</originalCreditor>
      <payableName>TD Bank</payableName>
      <paymentAddress1>1600 James Naismith Drive</paymentAddress1>
      <paymentAddress2></paymentAddress2>
      <paymentAdvanceDays>90</paymentAdvanceDays>
      <paymentCity>Ottawa</paymentCity>
      <paymentCountry>Canada</paymentCountry>
      <paymentPostalCode>11111</paymentPostalCode>
      <paymentProvince>ON</paymentProvince>
      <paymentServiceProvider>
        <createDate class="sql-timestamp">2007-05-16 00:00:00.0</createDate>
        <lastUpdateDate class="sql-timestamp">2007-05-16 00:00:00.0</lastUpdateDate>
        <name>Dummy</name>
        <password>password</password>
        <processingFee>0.00</processingFee>
        <processorTimeOutMinutes>4</processorTimeOutMinutes>
        <retryConfirmDays>3</retryConfirmDays>
        <serviceUrl>No Need</serviceUrl>
        <userId>cmc</userId>
        <vendorId>1</vendorId>
      </paymentServiceProvider>
      <portfolioId>175001</portfolioId>
      <processingFee>0.00</processingFee>
      <programFirstDueDate>0</programFirstDueDate>
      <returnAddress1>1600 James Naismith Drive</returnAddress1>
      <returnAddress2></returnAddress2>
      <returnCity>Ottawa</returnCity>
      <returnCountry>Canada</returnCountry>
      <returnPostalCode>11111</returnPostalCode>
      <returnProvince>ON</returnProvince>
      <showCountry>false</showCountry>
      <timeZones>US/Eastern</timeZones>
      <totalProgramShown>3</totalProgramShown>
      <webSiteUrl>www.td.com</webSiteUrl>
      <weeklyProgramTrackingPeriod>0</weeklyProgramTrackingPeriod>
    </Portfolio>
  </portfolios>
</Transplants>